id,document_id,document_title,source_type,file_path,content,metadata,created_at
ca0c3a10-a6c7-4bfb-9291-61fa3a67711e,fd15f299-3931-4ce0-a7a4-4beb317b3ae5,orient-express.pdf,pdf,/app/uploads/b1e6c5440be92ab628a094f1362d6a13.pdf,"Orient-Express
Blanche El Gammal
Référence électronique 
Blanche   El   Gammal,   Orient-Express.   Publictionnaire.   Dictionnaire   encyclopédique   et   
critique des publics. Mis en ligne le 13 décembre 2023. Accès : https://publictionnaire.huma-
num.fr/notice/orient-express/
Le  Publictionnaire.  Dictionnaire  encyclopédique  et  critique  des  publics  est  un  dictionnaire  
collaboratif en ligne sous la responsabilité du Centre de recherche sur les médiations (Crem, 
Université   de   Lorraine)   ayant   pour   ambition   de   clarifier   la   terminologie   et   le   profit   
heuristique des concepts relatifs à la notion de public et aux méthodes d’analyse des publics 
pour en proposer une cartographie critique et encyclopédique.
Accès :  https://publictionnaire.huma-num.fr 
Cette  notice  est  mise  à  disposition  selon  les  termes  de  la  licence  Creative  Commons  
Attribution  -  Pas  d’utilisation  commerciale  -  Pas  de  modification  3.0  France.  Pour  voir  une  
copie de cette licence, visitez  http://creativecommons.org/licenses/by-ncnd/3.0/fr/ ou écrivez 
à Creative Commons, PO Box 1866, Mountain View, CA 94042, USA.

Orient-Express
Lancé en 1883, l’Orient-Express, connaît un succès immédiat pour deux raisons au moins : il 
est  à  la  fois  le  premier  train  de  luxe  européen  et  le  premier  train  international  européen.  
Conçu et perçu comme un hôtel sur rail, il est pour ses passagers une sorte de tapis magique 
reliant  Paris  à  Constantinople  en  un  peu  moins  de  trois  jours.  Paré  de  toutes  les  séductions  
dans  l’imaginaire  collectif,  il  est  associé  à  l’Orient,  au  luxe,  à  la  Belle  époque,  aux  Années  
Folles, aux grands personnages qui l’ont pris ou supposément pris, comme Mata Hari (1876-
1917)  ou  Joséphine  Baker  (1906-1975),  au  célèbre  Crime  d’Agatha Christie  (1890-1976).  
Son histoire n’est pourtant pas réductible à ces beaux mots et ces noms prestigieux, lesquels 
relèvent  pour  une  part  d’une  doxa  qui  n’a  cessé  de  s’embellir  au  fil  des  années.  Si  
d’indispensables  données  historiques  et  géographiques  doivent  être  ici  rappelées,  l’accent  
sera mis sur le public des voyageurs, les images qui en sont données dans la littérature et les 
multiples formes de publicité qui ont fait la renommée du train.
L’Orient-Express près d’Istanbul, carte postale, c. 1900
Source : Wikimedia (domaine public).
Le projet et les débuts (1870-1914)
L’Orient-Express,  on  s’en  doute,  n’a  pas  été  créé  ex  nihilo.  Son  inventeur,  l’ingénieur  
liégeois  Georges Nagelmackers  (1845-1905),  s’est  rendu  aux  États-Unis  dans  les  années 
1860  et  a  rapporté  de  son  voyage  deux  idées  qui  doivent  aux  réalisations  de  l’industriel  
George  M.  Pullman  (1831-1897).  La  première  est  la  suivante :  de  même  que  les  États  
américains  ont  été  reliés  par  le  chemin  de  fer,  de  même  le  train,  et  en  particulier  l’Orient-
Express,  devra  relier  les  États  qu’il  traverse  en  Europe  (Des  Cars,  Caracalla,  1984 :  16).  La  
seconde  idée  consiste  à  reproduire,  avec  quelques  adaptations  et  améliorations,  le  luxe  des  
voitures  américaines,  réputées  très  confortables.  De  retour  en  Europe,  G. Nagelmackers  
publie en 1870 une plaquette intitulée Projet d’installation de wagons-lits sur les chemins de 
fer du continent.
Le  projet  est  totalement  inédit  en  Europe,  où  l’on  ne  connaît  ni  les  trains  internationaux,  ni  

les  trains  de  luxe.  Il  est  donc  audacieux,  mais  G.","{""endChar"": 3586, ""position"": 0, ""startChar"": 2}",2026-06-11 19:04:09.744113+00
add19d9e-2e2d-4149-a8de-73d344853c27,fd15f299-3931-4ce0-a7a4-4beb317b3ae5,orient-express.pdf,pdf,/app/uploads/b1e6c5440be92ab628a094f1362d6a13.pdf,"Pullman  (1831-1897).  La  première  est  la  suivante :  de  même  que  les  États  
américains  ont  été  reliés  par  le  chemin  de  fer,  de  même  le  train,  et  en  particulier  l’Orient-
Express,  devra  relier  les  États  qu’il  traverse  en  Europe  (Des  Cars,  Caracalla,  1984 :  16).  La  
seconde  idée  consiste  à  reproduire,  avec  quelques  adaptations  et  améliorations,  le  luxe  des  
voitures  américaines,  réputées  très  confortables.  De  retour  en  Europe,  G. Nagelmackers  
publie en 1870 une plaquette intitulée Projet d’installation de wagons-lits sur les chemins de 
fer du continent.
Le  projet  est  totalement  inédit  en  Europe,  où  l’on  ne  connaît  ni  les  trains  internationaux,  ni  

les  trains  de  luxe.  Il  est  donc  audacieux,  mais  G. Nagelmackers  peut  compter  sur  le  soutien  
des  membres  de  sa  très  influente  famille,  une  des  plus  puissantes  à  Liège :  son  grand-père  
était le fondateur de la très réputée Banque Nagelmackers ; son père est ingénieur ; son oncle 
Walthe?re Fre?re-Orban  (1812-1896)  est  une  personnalité  de  premier  ordre,  ingénieur  lui  
aussi,  fondateur  du  parti  libe?ral  de  Belgique  en  1846,  ministre  des  Finances  puis  Premier  
ministre  du  royaume.  Ses  cousins  de  la  famille  Orban,  banquiers,  ingénieurs  et  juristes,  
facilitent  aussi  les  contacts  dans  le  milieu  des  affaires  et  de  la  finance.  Last  but  not  least,  
Nagelmackers obtient l’appui du roi des Belges, Léopold II (1835-1909) (Mettetal, 2022 : 49-
52).
Des  retards  et  des  difficultés  surviennent  toutefois :  la  guerre  franco-prussienne  et  son  
règlement  compliquent  les  collaborations  internationales  d’une  part ;  de  l’autre,  toutes  les  
voies ferroviaires que doivent emprunter les nouveaux trains ne sont pas encore achevées. G. 
Nagelmackers parvient néanmoins a? convaincre les E?tats et les administrations ferroviaires 
de   l’intérêt   de   faire   circuler   sur   leurs   territoires   et   leurs   réseaux   des   trains   de   luxe   
internationaux  (ibid. :  23).  Après  des  changements  de  noms  et  de  statuts,  la  Compagnie  
Internationale  des  Wagons-Lits  est  créée  en  1876.  L’Orient-Express  est  le  premier  train  de  
luxe  international  de  la  Compagnie  et  donc  son  fleuron,  mais  c’est  en  fait  un  train  parmi  
d’autres (songeons au Nord-Express, au Sud-Express ou au Transsibérien).
Le  trajet  de  l’Orient-Express,  avec  ses  grandes  étapes,  est  le  suivant :  le  train  part  de  Paris,  
traverse l’Est de la France, atteint Strasbourg, passe par Stuttgart, Munich, Vienne, Budapest 
et  Bucarest.  Il  y  a  ensuite  un  transbordement  dans  les  premières  années  du  train,  avec  une  
traversée  de  la  Mer  noire  de  Varna  en  Bulgarie  jusqu’à  Constantinople.  Avec  l’achèvement  
des tronçons serbe et bulgare, le trajet se fait exclusivement par voie terrestre par Belgrade et 
Sofia  à  partir  de  1889.  Il  est  aussi  possible  de  traverser  la  mer  Noire  à  destination  de  
Constantinople depuis Constantza, en Roumanie, à partir de 1895.
Les  routes  de  l’Orient-Express,  de  son  lancement  en  1883  à  la  
Première  Guerre  mondiale.  Source  :  Wikimedia  (CC  BY-SA  
3.0).
Constantinople,  c’est  la  Sublime  Porte  de  l’Orient  chantée  par  tout  le  XIX
e
 siècle  et  le  

courant  orientaliste,  qu’il  s’agisse  des  poètes  ou  des  peintres.","{""endChar"": 6275, ""position"": 1, ""startChar"": 2790}",2026-06-11 19:04:09.744766+00
ab49b5bb-251c-49c8-9edc-3b0d24e96380,fd15f299-3931-4ce0-a7a4-4beb317b3ae5,orient-express.pdf,pdf,/app/uploads/b1e6c5440be92ab628a094f1362d6a13.pdf,"Plus que jamais, l’Orient-Express est devenu une marque, et on le voit partout à travers toute 
une série de manifestations et de publications depuis l’exposition de l’IMA. Tout ou presque 
se  fait  en  partenariat  avec  la  SNCF :  l’ouvrage  coproduit  par  Albin Michel  et  la  marque  
Orient-Express  en  2017,  le  documentaire  Arte  bénéficiant  du  soutien  de  la  SNCF  en  2018,  
l’exposition du festival de la photographie d’Arles en 2021, montrée à la Villa Médicis dans 

sa version italienne, Paris-Rome Express (Orient Express La Dolce Vita oblige).
Le fait est moins connu mais parallèlement à ces résurrections matérielles du train, beaucoup 
d’ouvrages  littéraires,  depuis  les  années 1980,  exploitent  le  filon  Orient-Express  et  ses  deux  
grands  thèmes  préférés :  l’amour  et  le  crime,  entre  nostalgie  et  humour.  Là  aussi,  le  nom  
Orient-Express  est  un  sésame :  c’est  la  saga  Orient-Express  de  Pierre-Jean Rémy  (1979 ;  
1984) en deux volumes adaptée à la télévision, les détournements parodiques de titres autour 
de la Madone des Sleepings (Benacquista, 1989 ; San-Antonio, 1993), qui a indubitablement 
contribué à la renommée de l’Orient-Express – le roman a d’ailleurs été réédité en 2006.
L’Orient-Express,  depuis  sa  création  en  1883,  a  toujours  fasciné.  Pourquoi ?  C’est  d’abord  
un  objet hors  du  commun ;  surtout,  une  extraordinaire  publicité  a  été  faite  autour  de  lui,  
toutes périodes confondues : pensons aux récits enthousiastes des journalistes vedettes invités 
par G. Nagelmackers lors du voyage inaugural de 1883. Edmond About (1828-1885 ; 1884), 
romancier  bien  connu  et  journaliste  au  XIX
e
 siècle,  et  Henri Opper  de  Blowitz  (1825-1903 ;  
1884),  journaliste  au  Times,  considéré  comme  le  père  de  l’interview  moderne,  y  vantent  la  
prodigalité de leur hôte, qui leur a réservé des mets savoureux, des pauses musicales et même 
une  visite  au  beau  château  de  Pele?  en  Roumanie,  où  les  ont  accueillis  le  roi  et  la  reine ;  or  
ces  récits  sont  toujours  cités  par  les  thuriféraires  de  l’Orient-Express.  Il  y  a  eu  ensuite  les  
changements  opérés  par  Lord  Dalziel  dans  les  années 1920,  puis  le  travail  de  Jean-Paul 
Caracalla  (1921-2019),  directeur  de  la  communication  de  la  Compagnie  Internationale  des  
Wagons-Lits  dans  les  années 1960,  auteur  de  maints  ouvrages  sur  le  train,  qui  a  lancé  le  
mythe  du  train  chéri  des  écrivains,  de  P.  Morand,  A. Christie  et  G. Greene,  lesquels  n’ont  
jamais écrit une ligne favorable au train, sauf, s’agissant de P. Morand, quand J.-P. Caracalla 
lui a commandé un « Adieu au train » dans les années 1960. Enfin, dans les années 2020, il y 
a un battage médiatique autour de la bataille entre Accor/SNCF et LVMH.
*
*         *
Mais revenons au projet de G. Nagelmackers, qui était l’union des états européens. Force est 
de constater, au regard de l’Histoire, que l’Orient-Express n’a fait que révéler leur désunion ; 
le train a été victime des guerres qui ont sévi en Europe.","{""endChar"": 29550, ""position"": 10, ""startChar"": 26429}",2026-06-11 19:04:09.79795+00
7490f055-80f5-4c0a-a119-ee98de75a2c3,fd15f299-3931-4ce0-a7a4-4beb317b3ae5,orient-express.pdf,pdf,/app/uploads/b1e6c5440be92ab628a094f1362d6a13.pdf,"Morand,  A. Christie  et  G. Greene,  lesquels  n’ont  
jamais écrit une ligne favorable au train, sauf, s’agissant de P. Morand, quand J.-P. Caracalla 
lui a commandé un « Adieu au train » dans les années 1960. Enfin, dans les années 2020, il y 
a un battage médiatique autour de la bataille entre Accor/SNCF et LVMH.
*
*         *
Mais revenons au projet de G. Nagelmackers, qui était l’union des états européens. Force est 
de constater, au regard de l’Histoire, que l’Orient-Express n’a fait que révéler leur désunion ; 
le train a été victime des guerres qui ont sévi en Europe. Restent les images qu’on associe au 
train,  sorte  de  combinaison  gagnante  soigneusement  entretenue  par  les  détenteurs  de  la  
marque :  l’Orient,  le  luxe,  les  Années  Folles,  l’art  du  voyage  (avec  ici  un  leurre,  une  
ignorance  ou  une  inconséquence :  on  vante  le  retour  au  slow  travel  mais  à  ses  débuts,  
l’Orient-Express était le moyen de transport le plus rapide et les voyageurs pestaient lorsque 
le  train  décélérait).  Il  y  a  plusieurs  Orient-Express,  plusieurs  parcours,  plusieurs  périodes,  
plusieurs types de voyageurs. Aussi ne peut-on pas tenir de discours totalement univoque au 
sujet  de  ce  train,  qui  garde  une  part  d’ombre  même  lorsque  tous  les  projecteurs  révèlent  ses  
splendeurs. Il est et n’est pas seulement le train que chacun se représente.
Bibliographie
About E., 1884, De Pontoise à Stamboul, Paris, Hachette.
Benacquista T., 1989, La Maldonne des sleepings, Paris, Gallimard.

Christie  A.,  1934,  Le  Crime  de  l’Orient-Express,  trad.  de  l’anglais  par  L. Postif,  Paris,  
Librairie des Champs-Elysées, 1966.
Clémente-Ruiz A., dir., 2014, Il était une fois l’Orient-Express, Gand, Snoeck.
Collet E., dir., 1997, L’Orient-Express. Le voyage à Constantinople, Bruxelles, Éd. Pandora.
Damour P.,  2022,  « L’Orient-Express,  un  train  légendaire  désormais  partagé  entre  Accor  et  
LVMH »,   Challenges,   22 juin.   Accès :   https://www.challenges.fr/entreprise/transports/l-
orient-express-au-d-une-bataille-entre-lvmh-et-accor_818979.
Dekobra M., 1925, La Madone des Sleepings, Paris, Zulma, 2006.
Des  Cars  J.,  Caracalla  J.-P.,  1984,  L’Orient-Express,  un  siècle  d’aventures  ferroviaires,  
Paris, Denoël.
El  Gammal B.,  2017,  L’Orient-Express.  Du  voyage  extraordinaire  aux  illusions  perdues,  
Paris, Éd. Les Belles Lettres.
El  Gammal B.,  2021,  L’Orient-Express  raconté  par  les  écrivains,  Paris,  Éd.  Phébus/Éd.  
Libella.
Fleming I., 1957, Bons baisers de Russie, trad. de l’anglais par A. Gilliard, Paris, R. Laffont, 
2011.
Greene G, 1969, Voyages avec ma tante, trad. de l’anglais par G. Belmont, Paris, Éd. 10/18, 
2009.
Lauzanne S., 1913, Au chevet de la Turquie. Quarante jours de guerre, Paris, A. Fayard.
Mettetal  A.,  2022,  Orient-Express  &  Cie,  Histoire  et  patrimonialisation  d’une  marque  
ferroviaire (19
e
– 21
e
 sie?cles), thèse en histoire et en patrimoine industriel, École des hautes 
études en sciences sociales.
Montet J., 1886, De Paris aux Karpathes, Paris, Hachette.
Morand P., 1922, « La nuit turque », in : Ouvert la nuit, Paris, Gallimard.
Morand P., 1962, « Adieu à l’Orient-Express », in : Le Voyage, Paris, A. Fayard, 1996.
Nagelmackers  G.,  1870,  Projet  d’installation  de  wagons-lits  sur  les  chemins  de  fer  du  
continent, Liège, H. Vaillant-Carmanne & Cie.
Opper de Blowitz H., 1884, Une course à Constantinople, Paris, Plon/Nourrit et C
ie
.","{""endChar"": 32475, ""position"": 11, ""startChar"": 28967}",2026-06-11 19:04:09.799565+00
7eebdc14-dd27-4a29-b1a0-e745cbc8713d,fd15f299-3931-4ce0-a7a4-4beb317b3ae5,orient-express.pdf,pdf,/app/uploads/b1e6c5440be92ab628a094f1362d6a13.pdf,"Il  y  a  ensuite  un  transbordement  dans  les  premières  années  du  train,  avec  une  
traversée  de  la  Mer  noire  de  Varna  en  Bulgarie  jusqu’à  Constantinople.  Avec  l’achèvement  
des tronçons serbe et bulgare, le trajet se fait exclusivement par voie terrestre par Belgrade et 
Sofia  à  partir  de  1889.  Il  est  aussi  possible  de  traverser  la  mer  Noire  à  destination  de  
Constantinople depuis Constantza, en Roumanie, à partir de 1895.
Les  routes  de  l’Orient-Express,  de  son  lancement  en  1883  à  la  
Première  Guerre  mondiale.  Source  :  Wikimedia  (CC  BY-SA  
3.0).
Constantinople,  c’est  la  Sublime  Porte  de  l’Orient  chantée  par  tout  le  XIX
e
 siècle  et  le  

courant  orientaliste,  qu’il  s’agisse  des  poètes  ou  des  peintres.  L’arrivée  de  l’Orient-Express  
dans  la  ville  est  aussi  contemporaine  des  romans  turcs  de  Pierre Loti  (1850-1923),  qui  
connaissent  un  grand  succès  – citons  Aziyadé  (1878),  Fantôme  d’Orient  (1892)  et  Les
Désenchantées (1906). Les voyageurs ont donc désormais accès au rêve oriental, si fantasmé 
soit-il ; les premières affiches publicitaires de l’Orient-Express ne manquent d’ailleurs pas de 
présenter les traditionnelles images associées à l’Orient : ainsi des coloris chauds, des portes 
aux formes arrondies et des mosquées aux minarets élevés.
Constantinople est aussi, plus concrètement, une ville où les influences européennes sont très 
présentes depuis que les sultans ottomans ont lancé en 1839 le programme de modernisation 
des Tanzimat (« réorganisation »), marqués par la construction de nombreux bâtiments situés 
à Galata, sur la rive européenne : la colline de Péra est le quartier d’affaires de la ville, avec 
ses  banques,  ses  clubs,  ses  théâtres,  ses  hôtels.  L’Orient-Express,  à  cet  égard,  accélère  
l’occidentalisation   de   la   ville,   au   grand   dam   de   Pierre Loti,   pour   qui   Stamboul   est   
irrémédiablement abîmé (Collet, 1997).
Le  train  est  associé  à  ses  terminus,  Paris  et  Constantinople,  mais  les  voyageurs  ont  la  
possibilité  de  s’arrêter  dans  les  grandes  villes  du  parcours  (Munich,  Vienne,  Budapest  ou  
Bucarest, par exemple), de reprendre le train après une escale et de descendre dans les grands 
hôtels   de   la   Compagnie   Internationale   des   Grands   Hôtels,   fondée   en   1894   par   G. 
Nagelmackers. Ce peut être par exemple au célèbre Péra Palace de Constantinople : cet hôtel 
de  luxe,  le  premier  de  la  ville  à  avoir  l’électricité  en  1900,  est  situé  précisément  à  Galata  et  
offre  une  vue  magnifique  sur  le  Bosphore.  En  somme,  c’est  un  peu  le  voyage  all  inclusive
avec option hop-on hop-off dans sa version luxueuse.
Le public prestigieux d’un train de luxe entre deux siècles
L’Orient-Express, c’est le monde de l’entre-soi, un microcosme où tout le monde se connaît 
plus  ou  moins :  s’y  croisent  des  hommes  de  finance,  des  ingénieurs,  des  aristocrates,  des  
diplomates,  des  têtes  couronnées :  Sissi  (1837-1898),  le  roi  Ferdinand  de  Bulgarie  (1861-
1948),  l’archiduc  François-Ferdinand  (1863-1914),  Léopold II,  tous  apparentés  et  membres  
du Gotha, l’empruntent couramment. On y voit aussi des artistes, des hommes de lettres, qui 
voyagent  parfois  en  délégations.","{""endChar"": 8846, ""position"": 2, ""startChar"": 5485}",2026-06-11 19:04:09.802514+00
9aa0c074-4d80-447f-a7d9-c91f004dcacd,fd15f299-3931-4ce0-a7a4-4beb317b3ae5,orient-express.pdf,pdf,/app/uploads/b1e6c5440be92ab628a094f1362d6a13.pdf,"Le  luxe  consiste  aussi  à  ne  pas  devoir  changer  de  train  
au passage des frontières et à se déplacer vite : l’Orient-Express est le moyen de transport le 
plus rapide pour se rendre d’une grande ville du parcours à Constantinople. On comprend dès 
lors que les notes exaltées abondent dans les récits de voyage ou dans la correspondance des 
happy  few  qui  empruntent  à  l’occasion  ou  régulièrement  l’Orient-Express :  c’est  à  la  fois  le  
train des hommes d’affaires puissants, des ingénieurs de talent, des têtes couronnées et d’une 
élite intellectuelle et artistique.
L’effet  tapis  magique  opère  et  pourtant...  Le  projet  d’unifier  l’Europe  par  l’Orient-Express  
est  grandement  compromis  d’entrée  de  jeu.  Le  train  a  été  créé  sur  fond  de  guerre  latente :  
c’est bien sûr la défaite de la France contre l’Allemagne en 1871 (la traversée de Strasbourg 
est douloureusement vécue par voyageurs français, qui tiennent des propos amers et acerbes), 
mais il y a aussi des conflits dans les Balkans : dès la fin du siècle, les Macédoniens bulgares 
mécontents  des  partages  décidés  par  les  grandes  puissances  au  Traité  de  Berlin  commettent  
plusieurs attentats sur le parcours oriental du train. Ces insurgés veulent faire sauter l’Orient-
Express  pour  alerter  l’opinion  internationale  de  leur  sort ;  or  la  situation  dans  les  Balkans  
s’aggrave  avec  les  guerres  balkaniques  de  1912-1913.  Toutes  ces  tensions  sont  visibles  à  
l’intérieur et à l’extérieur du train : en témoignent les conversations inquiètes des voyageurs, 
qui  ont  conscience  de  parcourir  une  route  armée  à  l’approche  de  la  Première  Guerre  
mondiale (Lauzanne, 1913).
Le train à l’épreuve de l’Histoire : l’évolution des trajets et des voyageurs (1914-1977)
Le train est arrêté en juillet 1914. Pendant la guerre, il est repris et détourné de son trajet par 
la  compagnie  allemande  Mitropa.  L’Orient-Express  devient  le  Balkanzug,  le  train  des  
Balkans  reliant  Berlin  à  Constantinople  par  les  pays  alliés  à  l’Allemagne :  l’idée  est  d’en  
faire  le  premier  tronçon  de  la  Bagdadbahn,  le  grand  projet  de  Guillaume II  (1859-1941)  
visant à relier Berlin au Moyen-Orient.

Les  routes  du  Balkanzug  (1916-1918).  Source  :  Wikimedia  (
CC BY-SA 3.0).
L’Orient-Express  change  d’itinéraire  après-guerre.  Dès  le  début  du  siècle  s’était  manifestée  
une  volonté  de  faire  concurrence  à  la  ligne  de  l’Orient-Express,  très  favorable,  en  termes  de  
parcours  et  de  partenariat  économique,  à  l’Allemagne  et  à  ses  voisins.  Le  projet  d’une  route  
méridionale par le tunnel séparant la Suisse de l’Italie, le Simplon, déjà évoqué en 1906, est 
repris  après-guerre  et  porté  par  Paul Claudel  (1868-1955).  Un  nouveau  train  est  créé,  le  
Simplon-Orient-Express,  dit  aussi  train  de  l’Europe  nouvelle,  et  un  nouveau  parcours,  ou  
route interalliée. Cette route évite l’Allemagne, l’Autriche et la Hongrie et passe par les pays 
suivants : la France, la Suisse, que le train quitte pour gagner l’Italie en franchissant le tunnel 
du  Simplon  (d’où  le  nom  du  train),  le  Royaume  des  Serbes,  des  Croates  et  des  Slovènes,  
rebaptisé Yougoslavie en 1929. À Belgrade, le train rejoint la ligne originelle à destination de 
Constantinople.
Les    Orient-Express    dans    l’entre-deux-guerres.    Source    :    
Wikimedia

(CC BY-SA 3.0).","{""endChar"": 14098, ""position"": 4, ""startChar"": 10608}",2026-06-11 19:04:09.803904+00
fd7f2ee1-a503-4cb9-9db3-4b2944e1d060,fd15f299-3931-4ce0-a7a4-4beb317b3ae5,orient-express.pdf,pdf,/app/uploads/b1e6c5440be92ab628a094f1362d6a13.pdf,"En  somme,  c’est  un  peu  le  voyage  all  inclusive
avec option hop-on hop-off dans sa version luxueuse.
Le public prestigieux d’un train de luxe entre deux siècles
L’Orient-Express, c’est le monde de l’entre-soi, un microcosme où tout le monde se connaît 
plus  ou  moins :  s’y  croisent  des  hommes  de  finance,  des  ingénieurs,  des  aristocrates,  des  
diplomates,  des  têtes  couronnées :  Sissi  (1837-1898),  le  roi  Ferdinand  de  Bulgarie  (1861-
1948),  l’archiduc  François-Ferdinand  (1863-1914),  Léopold II,  tous  apparentés  et  membres  
du Gotha, l’empruntent couramment. On y voit aussi des artistes, des hommes de lettres, qui 
voyagent  parfois  en  délégations.  Ainsi,  à  l’occasion  d’un  voyage  organisé  par  les  autorités  
hongroises en 1885, la Coupole est réunie dans le train : quarante académiciens se rendent à 
Budapest,  parmi  lesquels  le  musicien  Jules Massenet  (1842-1912),  Ferdinand de Lesseps  
(1805-1894),  le  gynécologue  du  Tout-Paris  Samuel Pozzi  (1846-1918)  et  le  poète  François 
Coppée (1842-1908) (Montet, 1886).
C’est  le  train  de  la  Belle E?poque,  des  voyageurs  cosmopolites  du  monde  d’hier,  comme  la  
très francophile famille roumaine Bibesco ; comme l’écrivain autrichien Stefan Zweig (1881-
1942), qui invite régulièrement des auteurs européens dans sa maison de Salzbourg ; comme 
Valery Larbaud (1881-1957), auteur d’une célèbre « Ode » aux trains de luxe. Tous sont nés 
dans  les  mêmes  années,  avec  le  train  pour  ainsi  dire,  qu’ils  ont  connu  très  jeunes  et  dont  ils  
ont subi le charme.
Les  voyageurs  de  l’Orient-Express  sont  essentiellement  occidentaux,  c’est-à-dire  belges,  
français,  anglais,  allemands  et  autrichiens.  En  effet,  c’est  un  train  créé  par  et  pour  les  
Occidentaux  qui  se  ruent  sur  les  marchés  ouverts  par  l’effondrement  de  l’Empire  ottoman,  
qui  a  perdu  en  1878  au  Traité  de  Berlin  une  partie  de  ses  territoires  serbes,  roumains  et  

bulgares ; or ces pays des Balkans doivent encore être dotés de nombreuses infrastructures.
C’est un train extrêmement cher, et il n’est pas exagéré de dire que c’est un palace sur rail ; 
ça l’est au sens propre, puisqu’il faut reproduire le luxe des hôtels que fréquente la clientèle, 
d’où  la  présence  de  matériaux  nobles  (cuir  de  Cordoue,  velours  de  Gênes)  et  d’un  mobilier  
de  style  Louis XV  dans  les  voitures.  Le  luxe  consiste  aussi  à  ne  pas  devoir  changer  de  train  
au passage des frontières et à se déplacer vite : l’Orient-Express est le moyen de transport le 
plus rapide pour se rendre d’une grande ville du parcours à Constantinople. On comprend dès 
lors que les notes exaltées abondent dans les récits de voyage ou dans la correspondance des 
happy  few  qui  empruntent  à  l’occasion  ou  régulièrement  l’Orient-Express :  c’est  à  la  fois  le  
train des hommes d’affaires puissants, des ingénieurs de talent, des têtes couronnées et d’une 
élite intellectuelle et artistique.
L’effet  tapis  magique  opère  et  pourtant...  Le  projet  d’unifier  l’Europe  par  l’Orient-Express  
est  grandement  compromis  d’entrée  de  jeu.","{""endChar"": 11352, ""position"": 3, ""startChar"": 8153}",2026-06-11 19:04:09.804687+00
c7c14968-63b8-4df1-817c-9c7221ac982b,fd15f299-3931-4ce0-a7a4-4beb317b3ae5,orient-express.pdf,pdf,/app/uploads/b1e6c5440be92ab628a094f1362d6a13.pdf,"Belmont, Paris, Éd. 10/18, 
2009.
Lauzanne S., 1913, Au chevet de la Turquie. Quarante jours de guerre, Paris, A. Fayard.
Mettetal  A.,  2022,  Orient-Express  &  Cie,  Histoire  et  patrimonialisation  d’une  marque  
ferroviaire (19
e
– 21
e
 sie?cles), thèse en histoire et en patrimoine industriel, École des hautes 
études en sciences sociales.
Montet J., 1886, De Paris aux Karpathes, Paris, Hachette.
Morand P., 1922, « La nuit turque », in : Ouvert la nuit, Paris, Gallimard.
Morand P., 1962, « Adieu à l’Orient-Express », in : Le Voyage, Paris, A. Fayard, 1996.
Nagelmackers  G.,  1870,  Projet  d’installation  de  wagons-lits  sur  les  chemins  de  fer  du  
continent, Liège, H. Vaillant-Carmanne & Cie.
Opper de Blowitz H., 1884, Une course à Constantinople, Paris, Plon/Nourrit et C
ie
.
Rémy P.-J., 1979, Orient-Express, Paris, A. Michel.
Rémy P.-J., 1984, Orient-Express 2, Paris, A. Michel.
San-Antonio, 1993, La Matrone des sleepinges, Paris, Éd. Fleuve noir.
Sherwood S., 1984, Venise Simplon Orient-Express. Le plus célèbre train du monde reprend 
du service, Paris, Payot.","{""endChar"": 32767, ""position"": 12, ""startChar"": 31673}",2026-06-11 19:04:09.806305+00
bb5c45c2-c3bc-43f6-8092-193a53bd3cde,fd15f299-3931-4ce0-a7a4-4beb317b3ae5,orient-express.pdf,pdf,/app/uploads/b1e6c5440be92ab628a094f1362d6a13.pdf,"C’est  son  chevalier  servant  Gérard  qui  prend  les  
grands  express ;  ses  aventures  ferroviaires  à  elle  appartiennent  au  passé.  Les  années 1930  
sont  plus  noires  encore  dans  la  littérature  Orient-Express,  et  on  ne  trouve  pas  un  seul  éloge  
du  train  ou  de  ses  voyageurs  dans  le  Crime  d’A.  Christie.  À  l’image  d’Hercule  Poirot  
observant  ses  compagnons  de  voyage  avec  circonspection,  il  n’est  pas  rare  de  se  demander  
qui au juste fait route avec vous (Christie, 1934 : 24-30). C’est la défiance qui règne, non le 
climat euphorique des premiers voyages.
Et  ce  n’est  là  qu’un  échantillon  de  l’abondante  littérature  Orient-Express  de  l’entre-deux-
guerres.  Certes,  il  s’agit  de  fictions ;  gardons  cependant  à  l’esprit  que  P. Morand  est  un  
écrivain  diplomate  et  qu’A.  Christie  est  une  grande  habituée  de  l’Orient-Express ;  elle  s’est  
d’ailleurs inspirée pour l’écriture de son roman de ses propres voyages et de faits divers qui 
ont nourri l’actualité (le train pris dans une tempête de neige en 1929 et l’assassinat du bébé 
Lindbergh  en  1932).  Ces  écrits  sont  donc  presque  des  chroniques,  à  tout  le  moins  reflètent  
l’air du temps ; sans compter qu’on trouve occasionnellement dans la presse quotidienne des 
récits  de  trafics,  d’agressions,  de  crimes  et  de  voyages  clandestins  dans  l’Orient-Express  (El  
Gammal,  2017 :  221-222 ;  2021).  Aussi  les  Années  folles  et  les  années  sombres  se  côtoient-
elles  sans  véritable  solution  de  résorption :  ce  qui  est  sûr,  c’est  que  des  individus  suspects,  
dangereux ou repoussants circulent désormais dans le train aux côtés des voyageurs habituels.
1939-1945 : nouvelle guerre, nouvel arrêt du train. Celui-ci repart en 1945 mais ses voitures 
sont  très  abîmées ;  privé  de  wagon-restaurant,  il  perd  dès  1948  son  label  de  train  de  luxe.  Il  
disparaît peu à peu, victime de la concurrence de l’avion et des tensions de la Guerre froide. 
La traversée du rideau de fer en Yougoslavie crée des retards et le trajet est interminable, ce 
qui  est  manifeste  dans  Bons  Baisers  de  Russie  (1957),  où  James Bond  prend  le  train  à  
Istanbul à destination de Paris (Fleming, 1957 : 721-764). Le public des années 1950, 1960 et 
1970 change, là encore, avec quelques voyageurs inattendus, comme des hippies se rendant à 
Istanbul, étape importante du hippie trail sur la route de Katmandou. On ne s’étonnera pas de 
les  voir  consommer  ou  transporter  des  substances  illicites  dans  les  wagons  fatigués  de  
l’Orient-Express,  comme  c’est  le  cas  de  la  jeune  Tooley  dans  Voyages  avec  ma  tante  de  
Graham Greene   (1904-1991 ;   1969 :   133-143).   Les   « Adieux »   à   l’Orient-Express   se   
multiplient dans les journaux dès les années 1960 (Morand, 1962 : 45-56) : il s’agit de notes 
nécrologiques qui reviennent avec nostalgie sur les belles années de l’Orient-Express. Mais si 
l’on  fait  ses  adieux  au  train,  on  ne  peut  visiblement  pas  s’en  passer,  et  c’est  pourquoi,  après  
plusieurs  coups  d’arrêt  sérieux  et  un  dernier  voyage  à  Istanbul  en  1977,  il  ressuscite  encore  
de ses cendres.","{""endChar"": 21788, ""position"": 7, ""startChar"": 18527}",2026-06-11 19:04:09.807889+00
75d9a394-29f4-46b7-828d-479895ffa089,fd15f299-3931-4ce0-a7a4-4beb317b3ae5,orient-express.pdf,pdf,/app/uploads/b1e6c5440be92ab628a094f1362d6a13.pdf,"On ne s’étonnera pas de 
les  voir  consommer  ou  transporter  des  substances  illicites  dans  les  wagons  fatigués  de  
l’Orient-Express,  comme  c’est  le  cas  de  la  jeune  Tooley  dans  Voyages  avec  ma  tante  de  
Graham Greene   (1904-1991 ;   1969 :   133-143).   Les   « Adieux »   à   l’Orient-Express   se   
multiplient dans les journaux dès les années 1960 (Morand, 1962 : 45-56) : il s’agit de notes 
nécrologiques qui reviennent avec nostalgie sur les belles années de l’Orient-Express. Mais si 
l’on  fait  ses  adieux  au  train,  on  ne  peut  visiblement  pas  s’en  passer,  et  c’est  pourquoi,  après  
plusieurs  coups  d’arrêt  sérieux  et  un  dernier  voyage  à  Istanbul  en  1977,  il  ressuscite  encore  
de ses cendres.
La renaissance du train et de la marque Orient-Express (depuis 1982)
On compte plusieurs résurrections du train, la première ayant lieu avant le dernier voyage de 
1977,  curieusement.  Elle  consiste  dans  le  rachat  de  voitures  par  Albert Glatt,  patron  de  
l’agence  de  voyages  suisse Intraflug,  spécialisée  dans  les  vols  charters  entre  l’Angleterre  et  
l’Espagne.  Il  crée  en  1976  le  Nostalgie  Istanbul  Orient-Express,  qui  circule  entre  Zurich et  
Istanbul et connaît un certain succès, jusqu’à son arrêt dans les années 2000.
La  deuxième  entreprise  de  résurrection  du  train  est  nettement  plus  importante  et  plus  
spectaculaire. En octobre 1977, quelques mois seulement après le dernier voyage de l’Orient-
Express,  l’Américain  James Sherwood,  patron  de  la  Sea  Containers,  rachète  deux  wagons  

très défraîchis de l’Orient-Express lors d’une vente aux enchères à Monaco. Il achète ensuite 
une  vingtaine  de  voitures  chez  des  ferrailleurs  et  des  collectionneurs,  qu’il  restaure  à  grands  
frais  (Sherwood,  1984).  J. Sherwood  lance  en  1982  le  Venice  Simplon  Orient-Express,  qui  
circule  entre  Londres  et  Venise  ou  Vérone  via  Paris plusieurs  fois  par  semaine.  Il  dessert  
parfois les villes de Berlin, Vienne, Prague et Budapest, et fait une fois par an le trajet Paris-
Istanbul.  Le  train  permet  aux  voyageurs  de  revivre  l’expérience  de  l’Orient-Express  à  son  
âge  d’or.  En  effet,  il  est  composé  de  dix-sept  voitures  d’origine  restaurées  – onze  voitures-
lits,  trois  voitures-restaurants,  une  voiture-bar  et  deux  voitures  pour  le  personnel –  avec  tout  
le  confort  d’époque.  Au  moment  où  il  lance  son  train,  J. Sherwood  cherche  un  moyen  de  
faire  venir  les  riches  Britanniques  jusqu’à  Venise  où  il  vient  de  racheter  l’hôtel  Cipriani,  
créant  simultanément  le  groupe  hôtelier  de  luxe  Belmond.  Le  Venice  Simplon  Orient-
Express circule encore aujourd’hui mais l’entreprise Belmond a e?te? rachete?e par le groupe 
LVMH en 2019.
La troisième résurrection du train est relativement récente. Elle comprend plusieurs étapes et 
devrait bientôt voir le jour. Tout commence en 2011, quand la SNCF décide du rachat de sept 
voitures  historiques  de  la  Compagnie.  En  2014,  le  projet  de  relance  de  l’Orient  Express  est  
amorcé   avec   l’exposition   Il   e?tait   une   fois   l’Orient-Express   (Clémente-Ruiz,   2014),   
coproduite  par  l’Institut  du  monde  arabe,  qui  présente  notamment  quatre  voitures  sur  son  
parvis,  et  la  direction  de  la  communication  du  groupe  SNCF.  En  janvier 2015,  la  filiale  
Orient-Express est créée afin d’accompagner la renaissance de la marque.","{""endChar"": 24568, ""position"": 8, ""startChar"": 21030}",2026-06-11 19:04:09.808523+00
c1d76ce6-6c9b-4e6a-8a17-072e47e49e8d,fd15f299-3931-4ce0-a7a4-4beb317b3ae5,orient-express.pdf,pdf,/app/uploads/b1e6c5440be92ab628a094f1362d6a13.pdf,"Morand P., 1922, « La nuit turque », in : Ouvert la nuit, Paris, Gallimard.
Morand P., 1962, « Adieu à l’Orient-Express », in : Le Voyage, Paris, A. Fayard, 1996.
Nagelmackers  G.,  1870,  Projet  d’installation  de  wagons-lits  sur  les  chemins  de  fer  du  
continent, Liège, H. Vaillant-Carmanne & Cie.
Opper de Blowitz H., 1884, Une course à Constantinople, Paris, Plon/Nourrit et C
ie
.
Rémy P.-J., 1979, Orient-Express, Paris, A. Michel.
Rémy P.-J., 1984, Orient-Express 2, Paris, A. Michel.
San-Antonio, 1993, La Matrone des sleepinges, Paris, Éd. Fleuve noir.
Sherwood S., 1984, Venise Simplon Orient-Express. Le plus célèbre train du monde reprend 
du service, Paris, Payot.","{""endChar"": 32767, ""position"": 14, ""startChar"": 32081}",2026-06-11 19:04:09.809375+00
1e52a37a-a83d-4005-90c8-a2c61bcc5c8a,fd15f299-3931-4ce0-a7a4-4beb317b3ae5,orient-express.pdf,pdf,/app/uploads/b1e6c5440be92ab628a094f1362d6a13.pdf,"Montet J., 1886, De Paris aux Karpathes, Paris, Hachette.
Morand P., 1922, « La nuit turque », in : Ouvert la nuit, Paris, Gallimard.
Morand P., 1962, « Adieu à l’Orient-Express », in : Le Voyage, Paris, A. Fayard, 1996.
Nagelmackers  G.,  1870,  Projet  d’installation  de  wagons-lits  sur  les  chemins  de  fer  du  
continent, Liège, H. Vaillant-Carmanne & Cie.
Opper de Blowitz H., 1884, Une course à Constantinople, Paris, Plon/Nourrit et C
ie
.
Rémy P.-J., 1979, Orient-Express, Paris, A. Michel.
Rémy P.-J., 1984, Orient-Express 2, Paris, A. Michel.
San-Antonio, 1993, La Matrone des sleepinges, Paris, Éd. Fleuve noir.
Sherwood S., 1984, Venise Simplon Orient-Express. Le plus célèbre train du monde reprend 
du service, Paris, Payot.","{""endChar"": 32767, ""position"": 13, ""startChar"": 32023}",2026-06-11 19:04:09.809891+00
fa2720d6-9625-48b7-b384-c7fb1edeede8,fd15f299-3931-4ce0-a7a4-4beb317b3ae5,orient-express.pdf,pdf,/app/uploads/b1e6c5440be92ab628a094f1362d6a13.pdf,"Morand P., 1962, « Adieu à l’Orient-Express », in : Le Voyage, Paris, A. Fayard, 1996.
Nagelmackers  G.,  1870,  Projet  d’installation  de  wagons-lits  sur  les  chemins  de  fer  du  
continent, Liège, H. Vaillant-Carmanne & Cie.
Opper de Blowitz H., 1884, Une course à Constantinople, Paris, Plon/Nourrit et C
ie
.
Rémy P.-J., 1979, Orient-Express, Paris, A. Michel.
Rémy P.-J., 1984, Orient-Express 2, Paris, A. Michel.
San-Antonio, 1993, La Matrone des sleepinges, Paris, Éd. Fleuve noir.
Sherwood S., 1984, Venise Simplon Orient-Express. Le plus célèbre train du monde reprend 
du service, Paris, Payot.","{""endChar"": 32767, ""position"": 15, ""startChar"": 32157}",2026-06-11 19:04:09.810617+00
46d02f38-cc5c-4022-8d2d-d95c164d168d,fd15f299-3931-4ce0-a7a4-4beb317b3ae5,orient-express.pdf,pdf,/app/uploads/b1e6c5440be92ab628a094f1362d6a13.pdf,"Le  Venice  Simplon  Orient-
Express circule encore aujourd’hui mais l’entreprise Belmond a e?te? rachete?e par le groupe 
LVMH en 2019.
La troisième résurrection du train est relativement récente. Elle comprend plusieurs étapes et 
devrait bientôt voir le jour. Tout commence en 2011, quand la SNCF décide du rachat de sept 
voitures  historiques  de  la  Compagnie.  En  2014,  le  projet  de  relance  de  l’Orient  Express  est  
amorcé   avec   l’exposition   Il   e?tait   une   fois   l’Orient-Express   (Clémente-Ruiz,   2014),   
coproduite  par  l’Institut  du  monde  arabe,  qui  présente  notamment  quatre  voitures  sur  son  
parvis,  et  la  direction  de  la  communication  du  groupe  SNCF.  En  janvier 2015,  la  filiale  
Orient-Express est créée afin d’accompagner la renaissance de la marque. La marque Orient-
Express est aujourd’hui détenue par la SNCF alliée depuis 2017 au groupe Accor, l’idée étant 
de combiner voyage en train et séjour à l’hôtel, comme l’avaient fait G. Nagelmackers puis J. 
Sherwood.
Accor a annoncé que l’Orient Express La Dolce Vita devrait accueillir ses premiers passagers 
en  2024.  Six  trains  composés  de  11 voitures  traverseront  14 régions  d’Italie.  Ces  trains  
présentent des décors somptueux conçus par Dimorestudio, studio d’architecture et de design 
milanais  fondé  en  2003  par  Emiliano Salci  et  Britt  Moran,  tous  les  deux  inspirés  par  
l’artisanat  d’art  et  l’âge  d’or  du  design  italien  (Accès :  https://www.orient-express.com/la-
dolce-vita/fr/).  La  marque  Orient-Express  lancera  également  ses  premiers  hôtels  en  2024,  
avec des emplacements à Rome, Venise et Riyad.
Il y a donc une bataille entre le train Venice Simplon Orient-Express/LVMH d’une part et le 
train  SNCF/Accor  de  l’autre.  Cette  bataille,  dont  il  est  assez  régulièrement  question  dans  la  
presse  (Damour,  2022),  porte  surtout  sur  le  nom  « Orient-Express ».  En  effet,  la  SNCF  
concédait  depuis  1982  une  licence  de  marque  au  groupe  Belmond  pour  l’exploitation  de  
trente-quatre  hôtels  et  un  train  de  luxe,  lesquels  s’appelaient  Orient-Express.  Mais  en  2011,  
la  direction  de  la  SNCF  a  engagé  des  négociations  avec  Belmond  pour  récupérer  son  droit  
d’utilisation  de  la  marque.  Le  groupe  SNCF  a  repris  l’exploitation  du  nom  Orient-Express  
dans  le  domaine  de  l’hôtellerie  en  échange  d’une  prolongation  de  75 ans  de  la  licence  
ferroviaire  qui  permet  au  groupe  Belmond  d’exploiter  le  nom  de  Venice  Simplon  Orient-
Express. En 2014, la totalité? des hôtels Orient-Express ont donc été renommés Belmond.
Plus que jamais, l’Orient-Express est devenu une marque, et on le voit partout à travers toute 
une série de manifestations et de publications depuis l’exposition de l’IMA. Tout ou presque 
se  fait  en  partenariat  avec  la  SNCF :  l’ouvrage  coproduit  par  Albin Michel  et  la  marque  
Orient-Express  en  2017,  le  documentaire  Arte  bénéficiant  du  soutien  de  la  SNCF  en  2018,  
l’exposition du festival de la photographie d’Arles en 2021, montrée à la Villa Médicis dans 

sa version italienne, Paris-Rome Express (Orient Express La Dolce Vita oblige).
Le fait est moins connu mais parallèlement à ces résurrections matérielles du train, beaucoup 
d’ouvrages  littéraires,  depuis  les  années 1980,  exploitent  le  filon  Orient-Express  et  ses  deux  
grands  thèmes  préférés :  l’amour  et  le  crime,  entre  nostalgie  et  humour.","{""endChar"": 27285, ""position"": 9, ""startChar"": 23751}",2026-06-11 19:04:09.813857+00
f4269367-aebe-4606-8469-afec0a3d6a7a,fd15f299-3931-4ce0-a7a4-4beb317b3ae5,orient-express.pdf,pdf,/app/uploads/b1e6c5440be92ab628a094f1362d6a13.pdf,"Fayard, 1996.
Nagelmackers  G.,  1870,  Projet  d’installation  de  wagons-lits  sur  les  chemins  de  fer  du  
continent, Liège, H. Vaillant-Carmanne & Cie.
Opper de Blowitz H., 1884, Une course à Constantinople, Paris, Plon/Nourrit et C
ie
.
Rémy P.-J., 1979, Orient-Express, Paris, A. Michel.
Rémy P.-J., 1984, Orient-Express 2, Paris, A. Michel.
San-Antonio, 1993, La Matrone des sleepinges, Paris, Éd. Fleuve noir.
Sherwood S., 1984, Venise Simplon Orient-Express. Le plus célèbre train du monde reprend 
du service, Paris, Payot.","{""endChar"": 32767, ""position"": 16, ""startChar"": 32230}",2026-06-11 19:04:09.814965+00
0cc7ef45-da62-44be-8079-ce1dac744342,fd15f299-3931-4ce0-a7a4-4beb317b3ae5,orient-express.pdf,pdf,/app/uploads/b1e6c5440be92ab628a094f1362d6a13.pdf,"Nagelmackers  G.,  1870,  Projet  d’installation  de  wagons-lits  sur  les  chemins  de  fer  du  
continent, Liège, H. Vaillant-Carmanne & Cie.
Opper de Blowitz H., 1884, Une course à Constantinople, Paris, Plon/Nourrit et C
ie
.
Rémy P.-J., 1979, Orient-Express, Paris, A. Michel.
Rémy P.-J., 1984, Orient-Express 2, Paris, A. Michel.
San-Antonio, 1993, La Matrone des sleepinges, Paris, Éd. Fleuve noir.
Sherwood S., 1984, Venise Simplon Orient-Express. Le plus célèbre train du monde reprend 
du service, Paris, Payot.","{""endChar"": 32767, ""position"": 17, ""startChar"": 32244}",2026-06-11 19:04:09.815536+00
a16b2cc1-82d1-4077-a72a-6826fa09c5dd,fd15f299-3931-4ce0-a7a4-4beb317b3ae5,orient-express.pdf,pdf,/app/uploads/b1e6c5440be92ab628a094f1362d6a13.pdf,"Vaillant-Carmanne & Cie.
Opper de Blowitz H., 1884, Une course à Constantinople, Paris, Plon/Nourrit et C
ie
.
Rémy P.-J., 1979, Orient-Express, Paris, A. Michel.
Rémy P.-J., 1984, Orient-Express 2, Paris, A. Michel.
San-Antonio, 1993, La Matrone des sleepinges, Paris, Éd. Fleuve noir.
Sherwood S., 1984, Venise Simplon Orient-Express. Le plus célèbre train du monde reprend 
du service, Paris, Payot.","{""endChar"": 32767, ""position"": 18, ""startChar"": 32365}",2026-06-11 19:04:09.816683+00
d6ebc555-6696-473b-abd0-6b844837c7a5,fd15f299-3931-4ce0-a7a4-4beb317b3ae5,orient-express.pdf,pdf,/app/uploads/b1e6c5440be92ab628a094f1362d6a13.pdf,"Le  projet  d’une  route  
méridionale par le tunnel séparant la Suisse de l’Italie, le Simplon, déjà évoqué en 1906, est 
repris  après-guerre  et  porté  par  Paul Claudel  (1868-1955).  Un  nouveau  train  est  créé,  le  
Simplon-Orient-Express,  dit  aussi  train  de  l’Europe  nouvelle,  et  un  nouveau  parcours,  ou  
route interalliée. Cette route évite l’Allemagne, l’Autriche et la Hongrie et passe par les pays 
suivants : la France, la Suisse, que le train quitte pour gagner l’Italie en franchissant le tunnel 
du  Simplon  (d’où  le  nom  du  train),  le  Royaume  des  Serbes,  des  Croates  et  des  Slovènes,  
rebaptisé Yougoslavie en 1929. À Belgrade, le train rejoint la ligne originelle à destination de 
Constantinople.
Les    Orient-Express    dans    l’entre-deux-guerres.    Source    :    
Wikimedia

(CC BY-SA 3.0).
L’Orient-Express  classique  est  relancé  deux  ans  après  sur  son  parcours  originel  mais  il  est  
désormais  très  concurrencé  par  le  nouveau  train,  avec  lequel  il  est  souvent  confondu.  Le  
conseil  d’administration  de  la  Compagnie  Internationale  des  Wagons-Lits  après-guerre  est  
essentiellement  français  et  anglais.  Les  années 1920  sont  un  tournant,  et  l’âge  d’or  de  la  
Compagnie  dirigée  par  lord  Davison  Dalziel  (1852-1928),  baron  anglais  et  beau-père  de  
l’unique  fils  de  Georges Nagelmackers,  René  (1878-1929).  D. Dalziel  engage  deux  actions  
principales : la britannisation du train avec des liaisons renforcées entre Londres et Paris via
la  gare  de  Calais-Maritime  et  l’introduction  des  voitures  britanniques  Pullman,  réputées  les  
plus belles en Europe. D’où aussi un accent mis davantage encore sur le luxe : les voitures en 
teck sont remplacées par de belles voitures bleues et or, les voitures LX (luxe), et les voitures-
salons Pullman sont décorées par de célèbres artisans d’art, comme Rene? Prou (1887-1947) 
et  Rene? Lalique  (1860-1945).  C’est  aussi  le  temps  des  affiches  Art  Déco  signées  par  de  
grands  noms,  à  l’instar  de  Cassandre  (1901-1968).  L’Orient-Express  devient  donc  un  objet  
d’art (Mettetal, 2022 : 259-290).
À   cela   s’ajoute   un   formidable   essor   de   la   Compagnie avec   la   multiplication   et   le   
prolongement des lignes : outre le Simplon-Orient-Express, l’Arlberg-Express, emprunté par 
les  nombreux  amateurs  de  paysages  autrichiens,  devient  l’Arlberg-Orient-Express  en  1932 ;  
surtout,  la  Compagnie  lance  le  Taurus-Express  en  1930,  année  où  Constantinople  devient  
Istanbul : à partir de la rive asiatique de la ville, on peut désormais atteindre Bagdad-Bassora 
à  l’est,  Jérusalem-Le  Caire à  l’ouest.  Un  nouveau  record  est  battu,  puisqu’il  faut  désormais  
huit  jours  pour  relier  Londres  à  Bagdad,  là  où  il  fallait  plusieurs  semaines  auparavant :  si  
quelques  trajets  du  parcours  se  font  dans  un  premier  temps  en  voiture,  un  gain  de  temps  de  
24 heures   est   possible   à   partir   de   1940,   avec   l’achèvement   des   tronçons   ferroviaires   
manquants, par exemple entre Mossoul et Bagdad. C’est en fait là le rêve de la Bagdadbahn, 
initié par Guillaume II au début du siècle, qui devient réalité, mais récupéré à leur profit par 
les  Français  et  les  Britanniques,  qui  détiennent  respectivement  des  mandats  en  Syrie  et  en  
Irak.","{""endChar"": 16677, ""position"": 5, ""startChar"": 13253}",2026-06-11 19:04:09.816798+00
7675850a-ec9c-40f3-bb24-11be5f9bed15,fd15f299-3931-4ce0-a7a4-4beb317b3ae5,orient-express.pdf,pdf,/app/uploads/b1e6c5440be92ab628a094f1362d6a13.pdf,"Opper de Blowitz H., 1884, Une course à Constantinople, Paris, Plon/Nourrit et C
ie
.
Rémy P.-J., 1979, Orient-Express, Paris, A. Michel.
Rémy P.-J., 1984, Orient-Express 2, Paris, A. Michel.
San-Antonio, 1993, La Matrone des sleepinges, Paris, Éd. Fleuve noir.
Sherwood S., 1984, Venise Simplon Orient-Express. Le plus célèbre train du monde reprend 
du service, Paris, Payot.","{""endChar"": 32767, ""position"": 19, ""startChar"": 32390}",2026-06-11 19:04:09.819746+00
2924968d-a3ac-4f6a-b3c8-b5d68075543e,fd15f299-3931-4ce0-a7a4-4beb317b3ae5,orient-express.pdf,pdf,/app/uploads/b1e6c5440be92ab628a094f1362d6a13.pdf,"Un  nouveau  record  est  battu,  puisqu’il  faut  désormais  
huit  jours  pour  relier  Londres  à  Bagdad,  là  où  il  fallait  plusieurs  semaines  auparavant :  si  
quelques  trajets  du  parcours  se  font  dans  un  premier  temps  en  voiture,  un  gain  de  temps  de  
24 heures   est   possible   à   partir   de   1940,   avec   l’achèvement   des   tronçons   ferroviaires   
manquants, par exemple entre Mossoul et Bagdad. C’est en fait là le rêve de la Bagdadbahn, 
initié par Guillaume II au début du siècle, qui devient réalité, mais récupéré à leur profit par 
les  Français  et  les  Britanniques,  qui  détiennent  respectivement  des  mandats  en  Syrie  et  en  
Irak. Cette nouvelle mainmise est rendue possible par les travaux assez largement entamés de 
la  Bagdadbahn,  dont  le  chantier  a  été  interrompu  en  1912  à  Alep,  mais  aussi  grâce  à  
l’amélioration   progressive   des   relations   entre   la   Turquie   et   l’Irak.   Dès   lors,   on   peut   
envisager, à partir de Bassora, de gagner Bombay, comme le montre la petite flèche à droite 
sur  le  prospectus  présenté  ci-dessous.  D’une  certaine  façon,  les  Anglais  réalisent  un  grand  
projet  qui  remonte  aux  années 1850 :  celui  de  bâtir  une  « world’s  highway »  qui  irait  de  
l’Europe du Nord à l’Inde.
L’Orient-Express des années 1920 est aussi le train des Années Folles associé aux images de 
luxe,  d’insouciance  et  de  grivoiserie  véhiculées  par  La  Madone  des  Sleepings,  héroïne  du  
best-seller de Maurice Dekobra (1885-1973) paru en 1925.
Le  propos  doit  toutefois  être  nuancé.  À  côté  de  toutes  ces  enthousiasmantes  réalisations,  de  
nouvelles  classes  sont  introduites  (il  n’y  avait  qu’une  classe  jusqu’ici),  donc  de  nouvelles  
populations : ce sont les exilés, les malheureux, les trafiquants et les criminels qu’on retrouve 
dans  toute  la  littérature  Orient-Express  de  l’entre-deux  guerres,  qui  est  particulièrement  
sombre.  Paul Morand  (1888-1976 ;  1922)  évoque  ainsi  des  voyageurs  du  Simplon-Orient-
Express  harassés  dans  « La  nuit  turque » ;  on  y  voit  des  couturières,  des  modistes,  des  
femmes du Civil Service et un escroc se côtoyer dans le plus grand inconfort (ibid. : 73-75). 
La  Madone  des  Sleepings  elle-même  est  en  fait  ruinée ;  elle  ne  prend  l’Orient-Express  qu’à  

la  fin  du  roman  dans  l’espoir  de  regagner  l’argent  qu’elle  a  perdu  dans  des  placements  
inconsidérés  (Dekobra,  1925 :  307-313).  C’est  son  chevalier  servant  Gérard  qui  prend  les  
grands  express ;  ses  aventures  ferroviaires  à  elle  appartiennent  au  passé.  Les  années 1930  
sont  plus  noires  encore  dans  la  littérature  Orient-Express,  et  on  ne  trouve  pas  un  seul  éloge  
du  train  ou  de  ses  voyageurs  dans  le  Crime  d’A.  Christie.  À  l’image  d’Hercule  Poirot  
observant  ses  compagnons  de  voyage  avec  circonspection,  il  n’est  pas  rare  de  se  demander  
qui au juste fait route avec vous (Christie, 1934 : 24-30). C’est la défiance qui règne, non le 
climat euphorique des premiers voyages.
Et  ce  n’est  là  qu’un  échantillon  de  l’abondante  littérature  Orient-Express  de  l’entre-deux-
guerres.  Certes,  il  s’agit  de  fictions ;  gardons  cependant  à  l’esprit  que  P. Morand  est  un  
écrivain  diplomate  et  qu’A.","{""endChar"": 19381, ""position"": 6, ""startChar"": 15985}",2026-06-11 19:04:09.819898+00
79b8e766-f988-43cf-a7c6-ec6f33203fb8,fd15f299-3931-4ce0-a7a4-4beb317b3ae5,orient-express.pdf,pdf,/app/uploads/b1e6c5440be92ab628a094f1362d6a13.pdf,"Rémy P.-J., 1979, Orient-Express, Paris, A. Michel.
Rémy P.-J., 1984, Orient-Express 2, Paris, A. Michel.
San-Antonio, 1993, La Matrone des sleepinges, Paris, Éd. Fleuve noir.
Sherwood S., 1984, Venise Simplon Orient-Express. Le plus célèbre train du monde reprend 
du service, Paris, Payot.","{""endChar"": 32767, ""position"": 20, ""startChar"": 32476}",2026-06-11 19:04:09.819937+00
12b8ba1c-54cc-4b7f-8caf-320260ebe929,fd15f299-3931-4ce0-a7a4-4beb317b3ae5,orient-express.pdf,pdf,/app/uploads/b1e6c5440be92ab628a094f1362d6a13.pdf,"Michel.
Rémy P.-J., 1984, Orient-Express 2, Paris, A. Michel.
San-Antonio, 1993, La Matrone des sleepinges, Paris, Éd. Fleuve noir.
Sherwood S., 1984, Venise Simplon Orient-Express. Le plus célèbre train du monde reprend 
du service, Paris, Payot.","{""endChar"": 32767, ""position"": 21, ""startChar"": 32520}",2026-06-11 19:04:09.82046+00
21cbd61f-2300-49ab-9ef8-0581038794d1,fd15f299-3931-4ce0-a7a4-4beb317b3ae5,orient-express.pdf,pdf,/app/uploads/b1e6c5440be92ab628a094f1362d6a13.pdf,"Rémy P.-J., 1984, Orient-Express 2, Paris, A. Michel.
San-Antonio, 1993, La Matrone des sleepinges, Paris, Éd. Fleuve noir.
Sherwood S., 1984, Venise Simplon Orient-Express. Le plus célèbre train du monde reprend 
du service, Paris, Payot.","{""endChar"": 32767, ""position"": 22, ""startChar"": 32528}",2026-06-11 19:04:09.821621+00
9fe497bb-ec74-4acc-9068-8536f8e657e7,fd15f299-3931-4ce0-a7a4-4beb317b3ae5,orient-express.pdf,pdf,/app/uploads/b1e6c5440be92ab628a094f1362d6a13.pdf,"Michel.
San-Antonio, 1993, La Matrone des sleepinges, Paris, Éd. Fleuve noir.
Sherwood S., 1984, Venise Simplon Orient-Express. Le plus célèbre train du monde reprend 
du service, Paris, Payot.","{""endChar"": 32767, ""position"": 23, ""startChar"": 32574}",2026-06-11 19:04:09.82347+00
205af1a5-efa6-4882-90e7-aaefd0e05a56,fd15f299-3931-4ce0-a7a4-4beb317b3ae5,orient-express.pdf,pdf,/app/uploads/b1e6c5440be92ab628a094f1362d6a13.pdf,"San-Antonio, 1993, La Matrone des sleepinges, Paris, Éd. Fleuve noir.
Sherwood S., 1984, Venise Simplon Orient-Express. Le plus célèbre train du monde reprend 
du service, Paris, Payot.","{""endChar"": 32767, ""position"": 24, ""startChar"": 32582}",2026-06-11 19:04:09.823907+00
7c9f6ea8-9178-4362-a315-6c2af9dfc97e,fd15f299-3931-4ce0-a7a4-4beb317b3ae5,orient-express.pdf,pdf,/app/uploads/b1e6c5440be92ab628a094f1362d6a13.pdf,"Fleuve noir.
Sherwood S., 1984, Venise Simplon Orient-Express. Le plus célèbre train du monde reprend 
du service, Paris, Payot.","{""endChar"": 32767, ""position"": 25, ""startChar"": 32639}",2026-06-11 19:04:09.825583+00
f81d2fa6-117b-4c20-be34-c689bf88ece0,fd15f299-3931-4ce0-a7a4-4beb317b3ae5,orient-express.pdf,pdf,/app/uploads/b1e6c5440be92ab628a094f1362d6a13.pdf,"Sherwood S., 1984, Venise Simplon Orient-Express. Le plus célèbre train du monde reprend 
du service, Paris, Payot.","{""endChar"": 32767, ""position"": 26, ""startChar"": 32652}",2026-06-11 19:04:09.825971+00
651909a2-17ef-4f3f-b02e-d24edd5dd90a,fd15f299-3931-4ce0-a7a4-4beb317b3ae5,orient-express.pdf,pdf,/app/uploads/b1e6c5440be92ab628a094f1362d6a13.pdf,"Le plus célèbre train du monde reprend 
du service, Paris, Payot.","{""endChar"": 32767, ""position"": 27, ""startChar"": 32702}",2026-06-11 19:04:09.826778+00
